{"Anesu": {"password": "e10adc3949ba59abbe56e057f20f883e", "points": 0, "streak": 0, "last_checkin": null, "completed_actions": [], "action_history": []}, "Miss A": {"password": "03ac674216f3e15c761ee1a5e255f067953623c8b388b4459e13f978d7c846f4", "points": 0, "streak": 0, "last_checkin": null, "completed_actions": [], "action_history": []}, "MA": {"password": "bcb15f821479b4d5772bd0ca866c00ad5f926e3580720659cc80d39c9d09802a", "points": 0, "streak": 0, "last_checkin": null, "completed_actions": [], "action_history": []}, "Abigail": {"password": "1a5376ad727d65213a79f3108541cf95012969a0d3064f108b5dd6e7f8c19b89", "points": 10, "streak": 0, "last_checkin": null, "completed_actions": ["Air-dried clothes"], "action_history": [{"action": "Air-dried clothes", "points": 10, "date": "2025-05-07"}]}}